"Id";"Designator";"Footprint";"Quantity";"Designation";"Supplier and ref";
1;"D43,D17,D55,D53,D50,D18,D41,D56,D52,D8,D28,D36,D14,D34,D44,D5,D11,D4,D25,D40,D29,D9,D35,D58,D20,D42,D33,D21,D39,D54,D24,D59,D2,D51,D48,D13,D32,D22,D57,D10,D37,D26,D7,D3,D38,D15,D60,D27,D12,D46,D47,D19,D6,D23,D49,D16,D45,D1";"LED_0603_1608Metric";58;"LED";;;
2;"R10,R15,R16,R14";"R_0603_1608Metric";4;"1k";;;
3;"R3,R2,R17,R6,R1,R5,R4,R7";"R_0603_1608Metric";8;"1K";;;
4;"C5,C1";"C_0603_1608Metric";2;"10uF";;;
5;"3V Batt";"CR44_Tabs";1;"Battery_Cell";;;
6;"LDO";"SOT-23-5";1;"AP2127K-3.3";;;
7;"APDS-9930";"Avago_APDS-9960";1;"APDS-9960";;;
8;"Q1,Q3,Q4,Q2";"SOT-23";4;"AO3400A";;;
9;"R12,R11";"R_0603_1608Metric";2;"10K";;;
10;"R9,R8";"R_0603_1608Metric";2;"4.7K";;;
11;"C3,C4";"C_0603_1608Metric";2;"1uF";;;
12;"CH32V003";"TSSOP-20_4.4x6.5mm_P0.65mm";1;"CH32V003_TSSOP20";;;
13;"J3";"PinHeader_1x03_P2.54mm_Vertical";1;"PROG";;;
14;"DS3231";"SOIC-16W_7.5x10.3mm_P1.27mm";1;"DS3231M";;;
15;"PUSH2,PUSH1";"SW_Push_1P1T_NO_Vertical_Wuerth_434133025816";2;"SW_Push";;;
16;"USB";"USB_Micro-B_Molex_47346-0001";1;"USB_B_Micro";;;
17;"C2";"C_0603_1608Metric";1;"100n";;;
18;"R13";"R_0603_1608Metric";1;"22R";;;
